åç§°,åœ°åŸ,URL,ä¾¡æ ¼ãƒšã¼ã‚¸URL¼,ä¾¡æ ¼ãƒšã¼ã‚¸URL2,ä¾¡æ ¼ãƒšã¼ã‚¸URL3,ä¾¡æ ¼ãƒšã¼ã‚¸URL4,ä¾¡æ ¼ãƒšã¼ã‚¸URL5,ä¾¡æ ¼ãƒšã¼ã‚¸URL6,
çœç”°é‹¼æ¥­æ ªå¼ä¼šç¤¾,å¤§é˜ª,https://www.sanadakogyo.com/index.html,https://www.sanadakogyo.com/scrap_metal.html,,,,,,
æœ‰é™ä¼šç¤¾é‡‘ç”°å•º,å…µåº«,https://www.kaneda-shouji.co.jp/,https://www.kaneda-shouji.co.jp/product#a12,,,,,,
æœ¨æ‘éßå±ï¼ˆå¤§é˜ª¼,å¤§é˜ª,https://kimura-metal.co.jp/index.html,https://kimura-metal.co.jp/price.html#07-01,,,,,,
æ˜é‘«è²¿æ˜“æªå¼ä¼šç¤¾,æ„›çŸ¥,https://www.meikinboueki.com/,https://www.meikinboueki.com/,,,,,,
åŒ—é™¸å•¼šæªå¼ä¼šç¤¾,ç¦äº,https://www.hokurikushokai.jp/,https://www.hokurikushokai.jp/kaitoriList.php?catid=2,https://www.hokurikushokai.jp/kaitoriList.php?catid=10,,,,,
å†…ç”°ç”£æ¥­æ ªå¼ä¼šç¤¾,å…µåº«,https://uchidametal.com/,https://uchidametal.com/kakaku/dou/,https://uchidametal.com/kakaku/densen/,https://uchidametal.com/kakaku/alumi/,https://uchidametal.com/kakaku/shinchu/,https://uchidametal.com/kakaku/sus/,https://uchidametal.com/kakaku/bt/,
æ±é‘«è²¿æ˜“æªå¼ä¼šç¤¾,é³¥å,https://www.toshintrade.com/,https://www.toshintrade.com/%E5%85%A8%E5%95%86%E5%93%81%E4%BE%A1%E6%A0%BC%E8%A1%A8,,,,,,
æ±èµ·ç”£æ¥­¼ˆæª¼,é¦™å·,https://touki-sangyou.co.jp/,https://touki-sangyou.co.jp/,,,,,,
åœŸéß¼ˆå¤§é˜ª¼,å¤§é˜ª,https://www.dokindokin.com/,https://www.dokindokin.com/scrap/,,,,,,
å¤§ç•‘å•†äº‹ï¼ˆåƒè‘‰ã»å¤§é˜ª¼,å¤§é˜ª,https://www.ohata.org/,https://www.ohata.org/kakaku.html,,,,,,
å¤§å•º,å¤§é˜ª,https://daishouten.jp/,https://daishouten.jp/product/product_taxo/copper/,https://daishouten.jp/product/product_taxo/aluminum/,https://daishouten.jp/product/product_taxo/brass/,https://daishouten.jp/product/product_taxo/electric_wire/,https://daishouten.jp/product/product_taxo/stainless/,,
å¦å•†ä¼šï¼ˆå¤§é˜ª¼,å¤§é˜ª,https://www.senfuku.net/,https://www.senfuku.net/scrap,,,,,,
ä¸‰ç¦¾è²¿æ˜,å¤§é˜ª,http://www.mikaplastic.jp/,http://www.mikaplastic.jp/list/?ca=2,,,,,,
é´»ç¥¥è²¿æ˜“æªå¼ä¼šç¤¾,å¤§é˜ª,https://kousyo-boueki.jp/index.html,https://kousyo-boueki.jp/scrap_nonferrous.html,,,,,,
åºš†å•º‹æªå¼ä¼šç¤¾,å¤§é˜ª,https://www.hirotakashoji.com/,https://www.hirotakashoji.com/list#shidhc8s25df1y2k7yf9,,,,,,
æ ªå¼ä¼šç¤¾é³³å±±,å…µåº«,https://houyama.com/,https://houyama.com/price.html,,,,,,
æ ªå¼ä¼šç¤¾æ —ç”°å•¼,å¤§é˜ª,https://kuritasyokai.com/,https://kuritasyokai.com/,,,,,,
æ ªå¼ä¼šç¤¾ æ˜¥æ—¥å•¼ å¯Œå±±æ”¯åº,å¯Œå±±,https://haruhi-shokai.com/index.html,https://haruhi-shokai.com/scrap_nonferrous2.html,,,,,,
æ ªå¼ä¼šç¤¾ æ˜¥æ—¥å•¼ æ»‹è³æ”¯åº,æ»‹è³,https://haruhi-shokai.com/index.html,https://haruhi-shokai.com/scrap_nonferrous3.html,,,,,,
æ ªå¼ä¼šç¤¾ æ˜¥æ—¥å•¼ ä¸å®®æœ¬ç¤¾,æ„›çŸ¥,https://haruhi-shokai.com/index.html,https://haruhi-shokai.com/scrap_nonferrous1.html,,,,,,
å®‰åŸè²¿æ˜“ï¼ˆæçŸ¥¼,æ„›çŸ¥,https://www.anjyo-t.com/,https://www.anjyo-t.com/scrap_metal.html,,,,,,
å±±ä¸‹å•†åº,æ„›çŸ¥,https://tetushigenkan.com/,https://tetushigenkan.com/blog/?page_id=38280,https://tetushigenkan.com/blog/?page_id=2340,https://tetushigenkan.com/blog/?page_id=22160,https://tetushigenkan.com/blog/?page_id=38278,,,
æ—¥ä¸­é‡‘å±è²¿æ˜,å’Œæ­Œå±±,https://nittyuu.co.jp/,https://nittyuu.co.jp/,,,,,,
æ±åŒ—ã‚­ãƒ³ã‚°,å¤§é˜ª,https://touhokuking.com/index.html,https://touhokuking.com/scrap_copper.html,https://touhokuking.com/scrap_nonferrous.html,,,,,
é«˜æ©‹éßå±è²¿æ˜,å¤§é˜ª,http://takahashi-metal.com/,http://takahashi-metal.com/,,,,,,
ã‚¹ã‚¯ãƒ©ãƒä¾¡æ ¼ãƒ‰ãƒƒãƒˆã‚³ãƒ,å…µåº«,https://www.super-recycle.com/,https://www.super-recycle.com/price_list/,,,,,,
ã‚·ãƒéßå± æ ªå¼ä¼šç¤¾,æ„›çŸ¥,https://www.shimakinzoku.com/company.html,https://www.shimakinzoku.com/items.html,https://www.shimakinzoku.com/items/index/2,https://www.shimakinzoku.com/items/index/3,https://www.shimakinzoku.com/items/index/4,https://www.shimakinzoku.com/items/index/5,https://www.shimakinzoku.com/items/index/6,
ä½é‡æé‡é‡çé‡‘å±æªå¼ä¼šç¤¾,æ»‹è³,https://aipo.xsrv.jp/sanometaru/,https://aipo.xsrv.jp/sanometaru/%e8%b2%b7%e5%8f%96%e5%8d%98%e4%be%a1%e4%b8%80%e8%a6%a7/%e9%8a%85%e5%8d%98%e4%be%a1/,https://aipo.xsrv.jp/sanometaru/%E8%B2%B7%E5%8F%96%E5%8D%98%E4%BE%A1%E4%B8%80%E8%A6%A7/%E9%9B%91%E7%B7%9A%E3%81%AE%E8%B2%B7%E5%8F%96%E5%8D%98%E4%BE%A1%E3%81%B8/,https://aipo.xsrv.jp/sanometaru/%E8%B2%B7%E5%8F%96%E5%8D%98%E4%BE%A1%E4%B8%80%E8%A6%A7/%E3%82%A2%E3%83%AB%E3%83%9F%E7%B3%BB%E3%81%AE%E8%B2%B7%E5%8F%96%E5%8D%98%E4%BE%A1/,https://aipo.xsrv.jp/sanometaru/%E8%B2%B7%E5%8F%96%E5%8D%98%E4%BE%A1%E4%B8%80%E8%A6%A7/%E3%82%B9%E3%83%86%E3%83%B3%E3%83%AC%E3%82%B9%E7%B3%BB%E3%81%AE%E8%B2%B7%E5%8F%96%E5%8D%98%E4%BE%A1/,https://aipo.xsrv.jp/sanometaru/%E8%B2%B7%E5%8F%96%E5%8D%98%E4%BE%A1%E4%B8%80%E8%A6%A7/%E9%89%9B%E7%B3%BB%E3%81%AE%E8%B2%B7%E5%8F%96%E5%8D%98%E4%BE%A1/,,
æ ªå¼ä¼šç¤¾å…«æœ¨,å¤§é˜ª,https://yagimetal.com/,https://yagimetal.com/works/service,,,,,,
æ ªå¼ä¼šç¤¾ã®ãã¿é‡‘å±,æ„›çŸ¥,https://nozomi-k.jp/,https://nozomi-k.jp/fee/item2/,https://nozomi-k.jp/fee/item1/,https://nozomi-k.jp/fee/item3/,https://nozomi-k.jp/fee/item6/,,,
TSTè²¿æ˜“ï¼ˆåƒè‘‰ï¼,å‘‰,https://in-tst.jp/,https://in-tst.jp/product/product.php?lang=cn&class2=119,https://in-tst.jp/product/product.php?lang=cn&class2=112,https://in-tst.jp/product/product.php?lang=cn&class2=114,https://in-tst.jp/product/product.php?lang=cn&class2=113,https://in-tst.jp/product/product.php?lang=cn&class2=164,,
ä¸‰å’Œé‡‘å±æªå¼ä¼šç¤¾,æ²–ç¸œŒ,https://www.sanwakinzoku.jp/,ãƒˆãƒƒãƒ—ããƒ¼ã‚¸ã«PDFåŸ‹ã‚è¾¼ã¿ã‚¿ã‚¤ãƒ,,,,,,
¼ˆæª¼‰ABC,äº¬éƒ½,https://abcmetal.jp/,https://abcmetal.jp/kakaku/hitetsu/dou/,https://abcmetal.jp/kakaku/hitetsu/densen/,https://abcmetal.jp/kakaku/hitetsu/alumi/,,https://abcmetal.jp/kakaku/hitetsu/houkin/,https://abcmetal.jp/kakaku/hitetsu/sus/,https://abcmetal.jp/kakaku/hitetsu/bt/
æœ‰é™ä¼šç¤¾ å…«å°¾ã‚¢ãƒ«ãƒŸã‚»ãƒ³ã‚¿ãƒ¼,å¤§é˜ª,https://peraichi.com/landing_pages/view/yaoalumi/,https://peraichi.com/landing_pages/view/yaoalumi/,,,,,,
æ ªå¼ä¼šç¤¾ ãƒ’ãƒ©ãƒãƒ¤,å¤§é˜ª,https://hiranoyasan.com/,https://hiranoyasan.com/all-items/,,,,,,